number	book
1	Genesis
1	Gen.
1	Ge.
1	Gn.
2	Exodus
2	Ex.
2	Exod.
2	Exo.
3	Leviticus
3	Lev.
3	Le.
3	Lv.
4	Numbers
4	Num.
4	Nu.
4	Nm.
4	Nb.
5	Deuteronomy
5	Deut.
5	De.
5	Dt.
6	Joshua
6	Josh.
6	Jos.
6	Jsh.
7	Judges
7	Judg.
7	Jdg.
7	Jg.
7	Jdgs.
8	Ruth
8	Rth.
8	Ru.
9	1 Samuel
9	1 Sam.
9	1 Sm.
9	1 Sa.
9	1 S.
9	I Sam.
9	I Sa.
9	1Sam.
9	1Sa.
9	1S.
9	1st Samuel
9	1st Sam.
9	First Samuel
9	First Sam.
10	2 Samuel
10	2 Sam.
10	2 Sm.
10	2 Sa.
10	2 S.
10	II Sam.
10	II Sa.
10	2Sam.
10	2Sa.
10	2S.
10	2nd Samuel
10	2nd Sam.
10	Second Samuel
10	Second Sam.
11	1 Kings
11	1 Kgs.
11	1 Ki.
11	1Kgs.
11	1Kin.
11	1Ki.
11	1K.
11	I Kgs.
11	I Ki.
11	1st Kings
11	1st Kgs.
11	First Kings
11	First Kgs.
12	2 Kings
12	2 Kgs.
12	2 Ki.
12	2Kgs.
12	2Kin.
12	2Ki.
12	2K.
12	II Kgs.
12	II Ki.
12	2nd Kings
12	2nd Kgs.
12	Second Kings
12	Second Kgs.
13	1 Chronicles
13	1 Chron.
13	1 Chr.
13	1 Ch.
13	1Chron.
13	1Chr.
13	1Ch.
13	I Chron.
13	I Chr.
13	I Ch.
13	1st Chronicles
13	1st Chron.
13	First Chronicles
13	First Chron.
14	2 Chronicles
14	2 Chron.
14	2 Chr.
14	2 Ch.
14	2Chron.
14	2Chr.
14	2Ch.
14	II Chron.
14	II Chr.
14	II Ch.
14	2nd Chronicles
14	2nd Chron.
14	Second Chronicles
14	Second Chron.
15	Ezra
15	Ezr.
15	Ez.
16	Nehemiah
16	Neh.
16	Ne.
17	Esther
17	Est.
17	Esth.
17	Es.
18	Job
18	Jb.
19	Psalms
19	Ps.
19	Psalm
19	Pslm.
19	Psa.
19	Psm.
19	Pss.
20	Proverbs
20	Prov.
20	Pro.
20	Prv.
20	Pr.
21	Ecclesiastes
21	Eccles.
21	Eccle.
21	Eccl.
21	Ecc.
21	Ec.
21	Qoh.
22	Song of Solomon
22	Song
22	Song of Songs
22	SOS.
22	So.
22	Canticle of Canticles
22	Canticles
22	Cant.
23	Isaiah
23	Isa.
23	Is.
24	Jeremiah
24	Jer.
24	Je.
24	Jr.
25	Lamentations
25	Lam.
25	La.
26	Ezekiel
26	Ezek.
26	Eze.
26	Ezk.
27	Daniel
27	Dan.
27	Da.
27	Dn.
28	Hosea
28	Hos.
28	Ho.
29	Joel
29	Joe.
29	Jl.
30	Amos
30	Amo.
30	Am.
31	Obadiah
31	Obad.
31	Oba.
31	Ob.
32	Jonah
32	Jnh.
32	Jon.
33	Micah
33	Mic.
33	Mc.
34	Nahum
34	Nah.
34	Na.
35	Habakkuk
35	Hab.
35	Hb.
36	Zephaniah
36	Zeph.
36	Zep.
36	Zp.
37	Haggai
37	Hag.
37	Hg.
38	Zechariah
38	Zech.
38	Zec.
38	Zc.
39	Malachi
39	Mal.
39	Ml.
40	Matthew
40	Matt.
40	Mat.
40	Mt.
41	Mark
41	Mrk.
41	Mar.
41	Mk.
41	Mr.
42	Luke
42	Luk.
42	Lk.
43	John
43	Joh.
43	Jhn.
43	Jn.
44	Acts
44	Act.
44	Ac.
45	Romans
45	Rom.
45	Ro.
45	Rm.
46	1 Corinthians
46	1 Cor.
46	1 Co.
46	I Cor.
46	I Co.
46	1Cor.
46	1Co.
46	I Corinthians
46	1Corinthians
46	1st Corinthians
46	First Corinthians
47	2 Corinthians
47	2 Cor.
47	2 Co.
47	II Cor.
47	II Co.
47	2Cor.
47	2Co.
47	II Corinthians
47	2Corinthians
47	2nd Corinthians
47	Second Corinthians
48	Galatians
48	Gal.
48	Ga.
49	Ephesians
49	Eph.
49	Ephes.
50	Philippians
50	Philip.
50	Phil.
50	Php.
50	Pp.
51	Colossians
51	Col.
51	Co.
52	1 Thessalonians
52	1 Thess.
52	1 Thes.
52	1 Th.
52	I Thessalonians
52	I Thess.
52	I Thes.
52	I Th.
52	1Thessalonians
52	1Thess.
52	1Thes.
52	1Th.
52	1st Thessalonians
52	1st Thess.
52	First Thessalonians
52	First Thess.
53	2 Thessalonians
53	2 Thess.
53	2 Thes.
53	2 Th.
53	II Thessalonians
53	II Thess.
53	II Thes.
53	II Th.
53	2Thessalonians
53	2Thess.
53	2Thes.
53	2Th.
53	2nd Thessalonians
53	2nd Thess.
53	Second Thessalonians
53	Second Thess.
54	1 Timothy
54	1 Tim.
54	1 Ti.
54	I Timothy
54	I Tim.
54	I Ti.
54	1Timothy
54	1Tim.
54	1Ti.
54	1st Timothy
54	1st Tim.
54	First Timothy
54	First Tim.
55	2 Timothy
55	2 Tim.
55	2 Ti.
55	II Timothy
55	II Tim.
55	II Ti.
55	2Timothy
55	2Tim.
55	2Ti.
55	2nd Timothy
55	2nd Tim.
55	Second Timothy
55	Second Tim.
56	Titus
56	Tit.
56	ti.
57	Philemon
57	Philem.
57	Phlm.
57	Phm.
57	Pm.
58	Hebrews
58	Heb.
59	James
59	Jam.
59	Jas.
59	Jm.
60	1 Peter
60	1 Pet.
60	1 Pe.
60	1 Pt.
60	1 P.
60	I Pet.
60	I Pt.
60	I Pe.
60	1Peter
60	1Pet.
60	1Pe.
60	1Pt.
60	1P.
60	I Peter
60	1st Peter
60	First Peter
61	2 Peter
61	2 Pet.
61	2 Pe.
61	2 Pt.
61	2 P.
61	II Peter
61	II Pet.
61	II Pt.
61	II Pe.
61	2Peter
61	2Pet.
61	2Pe.
61	2Pt.
61	2P.
61	2nd Peter
61	Second Peter
62	1 John
62	1 Jhn.
62	1 Jn.
62	1 J.
62	1John
62	1Jhn.
62	1Joh.
62	1Jn.
62	1Jo.
62	1J.
62	I John
62	I Jhn.
62	I Joh.
62	I Jn.
62	I Jo.
62	1st John
62	First John
63	2 John
63	2 Jhn.
63	2 Jn.
63	2 J.
63	2John
63	2Jhn.
63	2Joh.
63	2Jn.
63	2Jo.
63	2J.
63	II John
63	II Jhn.
63	II Joh.
63	II Jn.
63	II Jo.
63	2nd John
63	Second John
64	3 John
64	3 Jhn.
64	3 Jn.
64	3 J.
64	3John
64	3Jhn.
64	3Joh.
64	3Jn.
64	3Jo.
64	3J.
64	III John
64	III Jhn.
64	III Joh.
64	III Jn.
64	III Jo.
64	3rd John
64	Third John
65	Jude
65	Jud.
65	Jd.
66	Revelation
66	Rev.
66	Re.
66	The Revelation
66	Revelation to John
66	Apocalypse of John
70	Baruch
70	Bar.
71	Additions to Daniel
71	Add. Dan.
71	AddDan.
72	Prayer of Azariah
72	Azariah
72	Pr. Azar.
72	PrAzar.
72	Pr. Az.
72	Song of Three Youths
72	Sg. Three
72	Sg. of 3 Childr.
72	Song of Three
72	Song of Thr.
72	Song Thr.
72	The Song of Three Youths
72	The Song of the Three Holy Children
72	Song of the Three Holy Children
72	Song of Three Children
72	The Song of Three Jews
72	Song of Three Jews
73	Bel and the Dragon
73	Bel and Dr.
73	Bel.
75	Susanna
75	Sus.
76	1 Esdras
76	1 Esd.
76	1 Esdr.
76	1Esdras.
76	1Esdr.
76	1Esd.
76	1Es.
76	I Esdras
76	I Esdr.
76	I Esd.
76	I Es.
76	1st Esdras
76	First Esdras
77	2 Esdras
77	2 Esd.
77	2 Esdr.
77	2Esdras
77	2Esdr.
77	2Esd.
77	2Es.
77	II Esdras
77	II Esdr.
77	II Esd.
77	II Es.
77	2nd Esdras
77	Second Esdras
78	Additions to Esther
78	Add. Esth.
78	Add. Es.
78	Rest of Esther
78	The Rest of Esther
78	AEs.
78	AddEsth.
79	Letter of Jeremiah
79	Ep. Jer.
79	Let. Jer.
79	Ltr. Jer.
79	LJe.
79	EpJer.
80	Judith
80	Jth.
80	Jdth.
80	Jdt.
81	1 Maccabees
81	1 Macc.
81	1 Mac.
81	1Maccabees
81	1Macc.
81	1Mac.
81	1Ma.
81	1M.
81	I Maccabees
81	I Macc.
81	I Mac.
81	I Ma.
81	1st Maccabees
81	First Maccabees
82	2 Maccabees
82	2 Macc.
82	2 Mac.
82	2Maccabees
82	2Macc.
82	2Mac.
82	2Ma.
82	2M.
82	II Maccabees
82	II Macc.
82	II Mac.
82	II Ma.
82	2nd Maccabees
82	Second Maccabees
83	3 Maccabees
83	3 Macc.
83	3 Mac.
83	3Maccabees
83	3Macc.
83	3Mac.
83	3Ma.
83	3M.
83	III Maccabees
83	III Macc.
83	III Mac.
83	III Ma.
83	3rd Maccabees
83	Third Maccabees
84	4 Maccabees
84	4 Macc.
84	4 Mac.
84	4Maccabees
84	4Macc.
84	4Mac.
84	4Ma.
84	4M.
84	IV Maccabees
84	IV Macc.
84	IV Mac.
84	IV Ma.
84	4th Maccabees
84	Fourth Maccabees
85	Prayer of Manasseh
85	Pr. of Man.
85	PMa.
85	Prayer of Manasses
85	Pr. Man
86	Additional Psalm
86	Add. Psalm
86	Add. Ps.
87	Sirach
87	Sir.
87	Ecclesiasticus
87	Ecclus.
88	Tobit
88	Tob.
88	Tb.
89	Wisdom of Solomon
89	Wisd. of Sol.
89	Wisdom
89	Wis.
89	Ws.
90	Psalms of Solomon
90	Ps. Solomon
90	Ps. Sol.
90	Psalms Solomon
90	PsSol.
90	PssSol.
91	Odes
91	Ode.
92	Epistle to the Laodiceans
92	Ep. Lao.
92	Epistle to Laodiceans
92	Epistle Laodiceans
92	Epist. Laodiceans
92	Ep. Laod.
92	Laodiceans
92	Laod.
